Item;Qty;Reference(s);Value;LibPart;Footprint;Datasheet;DNP;Description;Height;Manufacturer_Name;Manufacturer_Part_Number;Mouser Part Number;Mouser Price/Stock
1;1;ANT1;ANT3216LL00R2400A;alecot:ANT3216LL00R2400A;alecot:ANT3216LL00R2400A;;;Antennas 1W 2.4-2.5GHz ANTENNA;1.35;Pulse Electronics;ANT3216LL00R2400A;603-ANT3216LL00R2400;https://www.mouser.co.uk/ProductDetail/Pulse-Electronics/ANT3216LL00R2400A?qs=VAB4DzKv5wVywAIgVVebaA%3D%3D
2;1;C1;470u;alecot:ECA-1HM471;alecot:CAPPRD500W65D1000H2200;http://industrial.panasonic.com/cdbs/www-data/pdf/RDF0000/ABA0000C1218.pdf;;PANASONIC - ECA-1HM471 - Electrolytic Capacitor, 470uF, 50 V, M Series, +/- 20%, Radial Leaded, 10 mm;22;Panasonic;ECA-1HM471;667-ECA-1HM471;https://www.mouser.co.uk/ProductDetail/Panasonic/ECA-1HM471?qs=RQTRNQENgbvN2kiZFgkvyA%3D%3D
3;2;C2, C38;2.2u;alecot:GCM31CR71H225KA55K;alecot:CAPC3116X180N;https://psearch.en.murata.com/capacitor/product/GCM31CR71H225KA55%23.html;;Capacitor GCM31 L=3.2mm W=1.6mm T=1.6mm;1.8;Murata Electronics;GCM31CR71H225KA55K;81-GCM31CR71H225KA5K;https://www.mouser.co.uk/ProductDetail/Murata-Electronics/GCM31CR71H225KA55K?qs=Er06SXQpt%252B4Wl7IFhiz7sg%3D%3D
4;14;C3, C6, C10, C14, C15, C16, C17, C19, C20, C21, C22, C25, C26, C31;0.1u;alecot:GRM155R61H104KE19D;alecot:CAPC1005X55N;http://www.murata.com/~/media/webrenewal/support/library/catalog/products/capacitor/mlcc/c02e.pdf;;MURATA - GRM155R61H104KE19D - CAP, MLCC, X5R, 100NF, 50V, 0402;0.55;Murata Electronics;GRM155R61H104KE19D;81-GRM155R61H104KE9D;https://www.mouser.co.uk/ProductDetail/Murata-Electronics/GRM155R61H104KE19D?qs=IPQhFcwEUOgxc5G2vSckRg%3D%3D
5;1;C4;10u;alecot:GRM32ER71H106KA12L;alecot:CAPC3225X270N;http://psearch.en.murata.com/capacitor/product/GRM32ER71E226KE15%23.pdf;;Ceramic  SMT capacitor 10uF 50Vdc Murata 1210 GRM 10uF Ceramic Multilayer Capacitor, 50 V dc, +125C, X7R Dielectric, +/-10%;2.7;Murata Electronics;GRM32ER71H106KA12L;81-GRM32ER71H106KA2L;https://www.mouser.co.uk/ProductDetail/Murata-Electronics/GRM32ER71H106KA12L?qs=6pxx44s1bjkjdm74o%2FrKhg%3D%3D
6;8;C5, C7, C12, C13, C23, C32, C36, C37;1u;alecot:GCM155C71A105KE38D;alecot:CAPC1005X55N;https://psearch.en.murata.com/capacitor/product/GCM155C71A105KE38%23.html;;Multilayer Ceramic Capacitors MLCC - SMD/SMT 0402 1uF 10volts X7S 10%;0.55;Murata Electronics;GCM155C71A105KE38D;81-GCM155C71A105KE8D;https://www.mouser.co.uk/ProductDetail/Murata-Electronics/GCM155C71A105KE38D?qs=OJGUyRWaYtN5Lg0weYKHQw%3D%3D
7;2;C8, C11;1n;alecot:GRM1885C1H102JA01D;alecot:CAPC1608X90N;https://psearch.en.murata.com/capacitor/product/GRM1885C1H102JA01%23.html;;Multilayer Ceramic Capacitors MLCC - SMD/SMT 0603 1000pF 50volts C0G 5%;0.9;Murata Electronics;GRM1885C1H102JA01D;81-GRM39C102J50;https://www.mouser.co.uk/ProductDetail/Murata-Electronics/GRM1885C1H102JA01D?qs=H3lwsW1hsDtu9zD8AnV%2FOA%3D%3D
8;1;C9;10u;alecot:GRM188R61C106MA73D;alecot:CAPC1608X90N;https://datasheet.datasheetarchive.com/originals/distributors/Datasheets_SAMA/ec4f1577dddcc7a13ddad897a28002d3.pdf;;Multilayer Ceramic Capacitors MLCC - SMD/SMT   10u  16V   20%        0603;0.9;Murata Electronics;GRM188R61C106MA73D;81-GRM188R61C106MA3D;https://www.mouser.co.uk/ProductDetail/Murata-Electronics/GRM188R61C106MA73D?qs=OXzh9Ga2KBH8Bmnena8%252BFw%3D%3D
9;3;C18, C24, C28;4.7u;alecot:GRT188R61C475KE13D;alecot:CAPC1608X95N;https://psearch.en.murata.com/capacitor/product/GRT188R61C475KE13%23.html;;Cap Ceramic 4.7uF 16V X5R 10% Pad SMD 0603 85C Automotive T/R;0.95;Murata Electronics;GRT188R61C475KE13D;81-GRT188R61C475KE3D;https://www.mouser.co.uk/ProductDetail/Murata-Electronics/GRT188R61C475KE13D?qs=drgMNd%252BkGPNMn4sNn1U6ew%3D%3D
10;1;C27;100p;alecot:GRM1555C1H101JA01D;alecot:CAPC1005X55N;http://www.murata.com/~/media/webrenewal/support/library/catalog/products/capacitor/mlcc/c02e.pdf;;Ceramic  SMT capacitor 100pF 50Vdc Murata 0402 GRM 100pF Ceramic Multilayer Capacitor, 50 V dc, +125C, C0G Dielectric, +/-5%;0.55;Murata Electronics;GRM1555C1H101JA01D;81-GRM1555C1H101JA1D;https://www.mouser.co.uk/ProductDetail/Murata-Electronics/GRM1555C1H101JA01D?qs=to8XolpOzrOREPd%2Fx%2FLxrw%3D%3D
11;1;C29;0.8p;alecot:GRM1555C1HR80BA01D;alecot:CAPC1005X55N;http://www.murata.com/~/media/webrenewal/support/library/catalog/products/capacitor/mlcc/c02e.pdf;;Murata 0402 GRM 0.8pF Ceramic Multilayer Capacitor, 50 V dc, +125C, C0G Dielectric, +/-0.1pF SMD;0.55;Murata Electronics;GRM1555C1HR80BA01D;81-GRM1555C1HR80BA1D;https://www.mouser.co.uk/ProductDetail/Murata-Electronics/GRM1555C1HR80BA01D?qs=e%252BE4OD6MgMezPYPintwvrA%3D%3D
12;1;C30;0.3p;alecot:GRM1555C1HR30WA01D;alecot:CAPC1005X55N;http://www.murata.com/~/media/webrenewal/support/library/catalog/products/capacitor/mlcc/c02e.pdf;;Murata 0402 GRM 0.3pF Ceramic Multilayer Capacitor, 50 V dc, +125C, C0G Dielectric, +/-0.05pF SMD;0.55;Murata Electronics;GRM1555C1HR30WA01D;81-GRM1555C1HR30WA1D;https://www.mouser.co.uk/ProductDetail/Murata-Electronics/GRM1555C1HR30WA01D?qs=e%252BE4OD6MgMcS%252BbE0ktTutg%3D%3D
13;2;C33, C35;n.f.;alecot:GRM1555C1HR80BA01D;alecot:CAPC1005X55N;http://www.murata.com/~/media/webrenewal/support/library/catalog/products/capacitor/mlcc/c02e.pdf;;Murata 0402 GRM 0.8pF Ceramic Multilayer Capacitor, 50 V dc, +125C, C0G Dielectric, +/-0.1pF SMD;0.55;Murata Electronics;GRM1555C1HR80BA01D;81-GRM1555C1HR80BA1D;https://www.mouser.co.uk/ProductDetail/Murata-Electronics/GRM1555C1HR80BA01D?qs=e%252BE4OD6MgMezPYPintwvrA%3D%3D
14;1;C34;10n;alecot:GCM188R72A103KA37J;alecot:CAPC1608X90N;https://psearch.en.murata.com/capacitor/product/GCM188R72A103KA37%23.html;;Capacitor GCM18 L=1.6mm W=0.8mm T=0.8mm;0.9;Murata Electronics;GCM188R72A103KA37J;81-GCM188R72A103KA7J;https://www.mouser.co.uk/ProductDetail/Murata-Electronics/GCM188R72A103KA37J?qs=XuOgWozpmAS9MToLIJ09hw%3D%3D
15;2;D1, D2;1N4007RLG;alecot:1N4007RLG;alecot:DIOAD1405W86L465D235;http://www.onsemi.com/pub/Collateral/1N4001-D.PDF;;1N4007RLG ON Semiconductor 1N4007RLG Rectifier Diode, 1A, 1000V, 2-Pin DO-41;;onsemi;1N4007RLG;863-1N4007RLG;https://www.mouser.co.uk/ProductDetail/onsemi/1N4007RLG?qs=y2kkmE52mdNdleuoURVocQ%3D%3D
16;1;D4;S1AB-13-F;alecot:S1AB-13-F;alecot:DIOM5336X250N;https://datasheet.datasheetarchive.com/originals/distributors/SFDatasheet-0/sf-0003177.pdf;;Diode Switching 50V 1A 2Pin SMB Diodes Inc S1AB-13-F Switching Diode, 1A 50V, 2-Pin SMB;2.5;Diodes Inc.;S1AB-13-F;621-S1AB-F;https://www.mouser.co.uk/ProductDetail/Diodes-Incorporated/S1AB-13-F?qs=rsz8n9DZaJKkxz2CBFNDKw%3D%3D
17;2;D5, D6;PD3S120L-7;alecot:PD3S120L-7;alecot:PD3S120L7;https://www.diodes.com/assets/Datasheets/ds30793.pdf;;Diodes Inc PD3S120L-7, SMT Schottky Diode, 20V 1A, 2-Pin PowerDI 323;0.7;Diodes Inc.;PD3S120L-7;621-PD3S120L-7;https://www.mouser.co.uk/ProductDetail/Diodes-Incorporated/PD3S120L-7?qs=DwnLFiA34IKoHhF0iaI0Cw%3D%3D
18;1;FB1;120R;alecot:BLM18KG121TN1D;alecot:BLM18EG101TH1D;http://www.murata.com/~/media/webrenewal/support/library/catalog/products/emc/emifil/c31e.ashx?la=en-gb;;BLM18_N1D Series EMI Suppression Filter 120+/-25% at 100MHz 3A @85;0.75;Murata Electronics;BLM18KG121TN1D;81-BLM18KG121TN1D;https://www.mouser.co.uk/ProductDetail/Murata-Electronics/BLM18KG121TN1D?qs=rvfpa0%252BU10PYAwVv0fw24Q%3D%3D
19;1;FL2;LFB182G45CGFD436;alecot:LFB182G45CGFD436;alecot:LFB182G45CGFD436;https://www.mouser.fr/datasheet/2/281/murata_LFB182G45CGFD436-1186332.pdf;;Signal Conditioning;0.65;Murata Electronics;LFB182G45CGFD436;81-LFB182G45CGFD436;https://www.mouser.co.uk/ProductDetail/Murata-Electronics/LFB182G45CGFD436?qs=5aG0NVq1C4xoKNFbA5uf0A%3D%3D
20;2;H1, H2;MountingHole_Pad;Mechanical:MountingHole_Pad;MountingHole:MountingHole_2.2mm_M2_ISO7380_Pad;~;;;;;;;
21;1;H3;MountingHole;Mechanical:MountingHole;MountingHole:MountingHole_2.2mm_M2_ISO7380;~;;;;;;;
22;1;IC1;~;alecot:LMR50410Y5FQDBVRQ1;alecot:SOT95P280X145-6N;https://www.ti.com/lit/ds/symlink/lmr50410-q1.pdf;;Switching Voltage Regulators Automotive qualified SIMPLE SWITCHER 4-V to 36-V, 1-A synchronous step-down converter;1.45;Texas Instruments;LMR50410Y5FQDBVRQ1;595-R50410Y5FQDBVRQ1;https://www.mouser.co.uk/ProductDetail/Texas-Instruments/LMR50410Y5FQDBVRQ1?qs=81r%252BiQLm7BR57cLsTbTr9w%3D%3D
23;1;IC2;~;alecot:TMCS1101A2BQDRQ1;alecot:SOIC127P600X175-8N;https://www.ti.com/lit/ds/symlink/tmcs1101-q1.pdf?ts=1643120553885&ref_url=https%253A%252F%252Fwww.ti.com%252Fstore%252Fti%252Fen%252Fp%252Fproduct%252F%253Fp%253DTMCS1101A2BQDRQ1;;Board Mount Current Sensors Automotive, precisio n isolated current;1.75;Texas Instruments;TMCS1101A2BQDRQ1;595-TMCS1101A2BQDRQ1;https://www.mouser.co.uk/ProductDetail/Texas-Instruments/TMCS1101A2BQDRQ1?qs=QNEnbhJQKvYPHFSE5sdldg%3D%3D
24;1;IC3;~;alecot:TLV76133DCYR;alecot:SOT230P700X180-4N;https://www.ti.com/lit/ds/symlink/tlv761.pdf?ts=1679984111185&ref_url=https%253A%252F%252Fwww.ti.com%252Fsitesearch%252Fen-us%252Fdocs%252Funiversalsearch.tsp%253FlangPref%253Den-US%2526searchTerm%253DTLV76133DCYR%2526nr%253D2;;Linear Voltage Regulators 1-A 16-V high-PSRR linear voltage regulator;1.8;Texas Instruments;TLV76133DCYR;595-TLV76133DCYR;https://www.mouser.co.uk/ProductDetail/Texas-Instruments/TLV76133DCYR?qs=9vOqFld9vZV5BPjUhjTZUA%3D%3D
25;1;IC4;~;alecot:TLV70450DBVT;alecot:SOT95P280X145-5N;http://www.ti.com/lit/ds/symlink/tlv704.pdf;;24V 150mA Low IQ LDO Regulator SOT-23-5 Texas Instruments TLV70450DBVT, LDO Voltage Regulator, 150mA, 5 V;1.45;Texas Instruments;TLV70450DBVT;595-TLV70450DBVT;https://www.mouser.co.uk/ProductDetail/Texas-Instruments/TLV70450DBVT?qs=O1HRStiETChf4U3Nno5bLA%3D%3D
26;1;IC5;~;alecot:AMC1350DWVR;alecot:SOIC127P1150X280-8N;https://www.ti.com/lit/ds/symlink/amc1350.pdf?ts=1632455585396&ref_url=https%253A%252F%252Fwww.ti.com%252Fstore%252Fti%252Fen%252Fp%252Fproduct%252F%253Fp%253DPAMC1350DWVR;;SOIC;2.8;Texas Instruments;AMC1350DWVR;595-AMC1350DWVR;https://www.mouser.co.uk/ProductDetail/Texas-Instruments/AMC1350DWVR?qs=Rp5uXu7WBW%2FANH2mDTT%252Bkg%3D%3D
27;1;IC6;~;alecot:STM32WB55RGV6TR;alecot:QFN40P800X800X100-69N-D;https://www.st.com/resource/en/datasheet/stm32wb55cc.pdf;;Ultra-low-power dual core Arm Cortex-M4 MCU 64 MHz, Cortex-M0+ 32 MHz with 1 Mbyte of Flash memory, Bluetooth LE 5.2, 802.15.4, Zigbee, Thread, USB, LCD, AES-256;1;STMicroelectronics;STM32WB55RGV6TR;511-STM32WB55RGV6TR;https://www.mouser.co.uk/ProductDetail/STMicroelectronics/STM32WB55RGV6TR?qs=vLWxofP3U2xn6OzpwEu0EA%3D%3D
28;1;IC7;~;alecot:USBLC6-2SC6;alecot:SOT95P280X145-6N;http://www.st.com/st-web-ui/static/active/en/resource/technical/document/datasheet/CD00050750.pdf;;TVS Diode Array Uni-Directional USBLC6-2SC6 17V, SOT-23 6-Pin;1.45;STMicroelectronics;USBLC6-2SC6;511-USBLC6-2SC6;https://www.mouser.co.uk/ProductDetail/STMicroelectronics/USBLC6-2SC6?qs=po45yt2pPpu%2FhNIlwQdTlg%3D%3D
29;1;IC8;~;alecot:SHT30-DIS-B2.5KS;alecot:SHT30DISB25KS;https://media.digikey.com/pdf/Data%20Sheets/Sensirion%20PDFs/HT_DS_SHT3x_DIS.pdf;;Humidity/Temperature Sensor Digital Serial (I2C) 8-Pin DFN EP T/R;1;Sensirion;SHT30-DIS-B2.5KS;403-SHT30-DIS-B;https://www.mouser.co.uk/ProductDetail/Sensirion/SHT30-DIS-B2.5kS?qs=y6ZabgHbY%252BwVK7712NFj8g%3D%3D
30;1;IC9;534998-4;alecot:534998-4;alecot:RHDR8W76P254X254_2X4_1016X503X673P;https://www.te.com/commerce/DocumentDelivery/DDEController?Action=srchrtrv&DocNm=534998&DocType=Customer+Drawing&DocLang=English&DocFormat=pdf&PartCntxt=534998-4;;TE Connectivity Mod IV Series 8 Way 2 Row Female Straight PCB Connector Housing;6.73;TE Connectivity;534998-4;571-5349984;https://www.mouser.co.uk/ProductDetail/TE-Connectivity-AMP/534998-4?qs=4hg9R9g9MDuYj2jy%252BA%2FiKQ%3D%3D
31;2;J1, J2;1935174;alecot:1935174;alecot:1935174;;;PCB terminal block, Nominal current: 17.5 A, Nom. voltage: 400 V, Pitch: 5 mm, Number of positions: 3, Connection method: Screw connection with wire protector, Mounting: Wave soldering, Conductor/PCB connection direction: 0 , Color: green, Also possible: Connection of a 1.5 mm conductor with ferrule, then however with reduction in rated voltage or degree of pollution / surge category.;11.55;Phoenix Contact;1935174;651-1935174;https://www.mouser.co.uk/ProductDetail/Phoenix-Contact/1935174?qs=QWULklcAmSR8B7o4YouITA%3D%3D
32;1;J3;826629-4;alecot:826629-4;alecot:HDRV4W63P0X254_1X4_1016X250X950P;https://componentsearchengine.com/Datasheets/2/826629-4.pdf;;4w Single row straight header gold;9.5;TE Connectivity;826629-4;571-826629-4;https://www.mouser.co.uk/ProductDetail/TE-Connectivity/826629-4?qs=FazuUmncXom81cYQ0o6zwQ%3D%3D
33;2;J7, J8;Conn_01x01;Connector_Generic:Conn_01x01;Connector_Wire:SolderWire-0.25sqmm_1x01_D0.65mm_OD1.7mm;~;;;;;;;
34;1;J9;USB_C_Receptacle_USB2.0;Connector:USB_C_Receptacle_USB2.0;Connector_USB:USB_C_Receptacle_JAE_DX07S016JA1R1500;https://www.usb.org/sites/default/files/documents/usb_type-c.zip;;;;JAE Electronics;DX07S016JA1R1500;;
35;1;J10;~;alecot:20021111-00010T1LF;alecot:HDRV10W45P127_2X5_635X343X575P;https://cdn.amphenol-cs.com/media/wysiwyg/files/drawing/20021111.pdf;;Minitek127,  Board to Board connector, Unshrouded Vertical Header, Through Hole, Double Row, 10 Positions, 1.27mm (0.050in) pitch.;5.75;Amphenol Communications Solutions;20021111-00010T1LF;649-200211110010T1LF;https://www.mouser.co.uk/ProductDetail/Amphenol-FCI/20021111-00010T1LF?qs=nwYJ12Fl9gS7abe%2FFSrp1g%3D%3D
36;1;J12;M50-3530242;alecot:M50-3530242;alecot:HDRV2W40P0X127_1X2_254X210X420P;https://cdn.harwin.com/pdfs/M50-353.pdf;;"1.27mm (0.05"") Pitch SIL Vertical Throughboard Pin Header, selective gold + tin, 2 contacts";4.2;Harwin;M50-3530242;855-M50-3530242;https://www.mouser.co.uk/ProductDetail/Harwin/M50-3530242?qs=%252BdQmOuGyFcFfqfwYQe%2FxZw%3D%3D
37;1;L1;4.7u;alecot:LQM21PN4R7MGHL;alecot:LQM21PHR47NG0D;https://componentsearchengine.com/Datasheets/1/LQM21PN4R7MGHL.pdf;;LQM21PN_GH Series Inductor 4.7uH +/-20% 0805 (2012);1;Murata Electronics;LQM21PN4R7MGHL;81-LQM21PN4R7MGHL;https://www.mouser.com/Search/Refine.aspx?Keyword=81-LQM21PN4R7MGHL
38;1;L2;10uH;alecot:LQM18DN100M70L;alecot:INDC1608X95N;https://4donline.ihs.com/images/VipMasterIC/IC/MURE/MURE-S-A0013532308/MURE-S-A0013538696-1.pdf?hkey=EF798316E3902B6ED9A73243A3159BB0;;Fixed Inductors 0603 10uH 20% 300mA;0.95;Murata Electronics;LQM18DN100M70L;81-LQM18DN100M70L;https://www.mouser.co.uk/ProductDetail/Murata-Electronics/LQM18DN100M70L?qs=7MVldsJ5UaxbUO4BTDTyDg%3D%3D
39;1;L3;10 nH;alecot:LQW18AN10NJ00D;alecot:LQW18AS10NG0CD;https://componentsearchengine.com/Datasheets/1/LQW18AN10NJ00D.pdf;;Murata LQQ18A Series Wire-wound SMD Inductor 10 nH +/-5% 650mA Idc Q:35;1;Murata Electronics;LQW18AN10NJ00D;81-LQW18AN10NJ00D;https://www.mouser.com/Search/Refine.aspx?Keyword=81-LQW18AN10NJ00D
40;1;L4;2.7n;alecot:LQG15HS2N7S02D;alecot:LQG15WH0N7B02D;https://psearch.en.murata.com/inductor/product/LQG15HS2N7S02%23.html;;LQG15HS_02 Series Inductor 2.7nH +/-0.3nH 0402 (1005);0.55;Murata Electronics;LQG15HS2N7S02D;81-LQG15HS2N7S02D;https://www.mouser.co.uk/ProductDetail/Murata-Electronics/LQG15HS2N7S02D?qs=ctz47l0uL1AKrLI74yO5Qw%3D%3D
41;1;L5;0L;alecot:LQG15HS2N7S02D;alecot:LQG15WH0N7B02D;https://psearch.en.murata.com/inductor/product/LQG15HS2N7S02%23.html;;LQG15HS_02 Series Inductor 2.7nH +/-0.3nH 0402 (1005);0.55;Murata Electronics;LQG15HS2N7S02D;81-LQG15HS2N7S02D;https://www.mouser.co.uk/ProductDetail/Murata-Electronics/LQG15HS2N7S02D?qs=ctz47l0uL1AKrLI74yO5Qw%3D%3D
42;3;LED1, LED2, LED3;GREEN;alecot:150060VS55040;alecot:LEDM168X50N;https://katalog.we-online.com/led/datasheet/150060VS55040.pdf;;LED, 150060VS55040, Wurth Elektronik WL-SMCD 573 (Typ.) nm 0603 Diffused SMD package, 2V, 20mA;0.5;Wurth Elektronik;150060VS55040;710-150060VS55040;https://www.mouser.co.uk/ProductDetail/Wurth-Elektronik/150060VS55040?qs=8Aam6%252B7C6HEumg%252B0cJZzvA%3D%3D
43;1;LED4;GREEN;alecot:151031VS06000;alecot:151034GS03000;https://katalog.we-online.de/led/datasheet/151031VS06000.pdf;;LED,Wurth Elektronik,151031VS06000, 2.2V FV;;Wurth Elektronik;151031VS06000;710-151031VS06000;https://www.mouser.co.uk/ProductDetail/Wurth-Elektronik/151031VS06000?qs=LlUlMxKIyB01ggED1iKswA%3D%3D
44;1;LED5;RED;alecot:151033RS03000;alecot:151033RS03000;https://www.we-online.com/katalog/datasheet/151033RS03000.pdf;;WURTH ELEKTRONIK - 151033RS03000 - LED, Red, Through Hole, T-1 (3mm), 30 mA, 2 V, 621 nm;10.9;Wurth Elektronik;151033RS03000;710-151033RS03000;https://www.mouser.co.uk/ProductDetail/Wurth-Elektronik/151033RS03000?qs=LlUlMxKIyB1%252BAw6bWFN43w%3D%3D
45;1;LED6;BLUE;alecot:151034BS03000;alecot:151034BS03000;http://katalog.we-online.de/led/datasheet/151034BS03000.pdf;;Wurth Elektronik 151034BS03000, WL-TMRW Series Blue LED, 470 nm,, Round Lens Through Hole Package, 2.8V;5.55;Wurth Elektronik;151034BS03000;710-151034BS03000;https://www.mouser.co.uk/ProductDetail/Wurth-Elektronik/151034BS03000?qs=5aG0NVq1C4xip2bYWo%252B2Eg%3D%3D
46;1;PS1;~;alecot:SN6501DBVR;alecot:SOT95P280X145-5N;http://www.ti.com/lit/gpn/sn6501;;Low-noise, 350 mA, 410-kHz transformer driver for isolated power supplies;1.45;Texas Instruments;SN6501DBVR;595-SN6501DBVR;https://www.mouser.co.uk/ProductDetail/Texas-Instruments/SN6501DBVR?qs=X2y4EmDJZOUH5QW1%2F6%2Fqfg%3D%3D
47;1;R1;2.2k;alecot:ERJ-3EKF2201V;alecot:RESC1608X55N;http://industrial.panasonic.com/cdbs/www-data/pdf/RDA0000/AOA0000C86.pdf;;Precision Thick Film Chip Resistor, 0603, 0.1W;0.55;Panasonic;ERJ-3EKF2201V;667-ERJ-3EKF2201V;https://www.mouser.co.uk/ProductDetail/Panasonic/ERJ-3EKF2201V?qs=iBwFsHVUAOcSom3i15f%252BIQ%3D%3D
48;1;R2;22.1K;alecot:ERJ-3EKF2212V;alecot:RESC1608X55N;http://industrial.panasonic.com/cdbs/www-data/pdf/RDA0000/AOA0000C86.pdf;;Thick Film Resistors - SMD 0603 22.1Kohms 1% AEC-Q200;0.55;Panasonic;ERJ-3EKF2212V;667-ERJ-3EKF2212V;https://www.mouser.co.uk/ProductDetail/Panasonic/ERJ-3EKF2212V?qs=66DK8nO8gJAgkH0nugLQVQ%3D%3D
49;1;R3;88.7K;alecot:ERJ-3EKF8872V;alecot:RESC1608X55N;https://componentsearchengine.com/Datasheets/1/ERJ-3EKF8872V.pdf;;Thick Film Resistors - SMD 0603 88.7Kohms 1% AEC-Q200;0.55;Panasonic;ERJ-3EKF8872V;667-ERJ-3EKF8872V;https://www.mouser.com/Search/Refine.aspx?Keyword=667-ERJ-3EKF8872V
50;1;R4;300R;alecot:ERJ-3EKF3000V;alecot:RESC1608X55N;http://industrial.panasonic.com/cdbs/www-data/pdf/RDA0000/AOA0000C86.pdf;;Thick Film Resistors - SMD 0603 300ohms 1% AEC-Q200;0.55;Panasonic;ERJ-3EKF3000V;667-ERJ-3EKF3000V;https://www.mouser.co.uk/ProductDetail/Panasonic/ERJ-3EKF3000V?qs=MVjVSMjNRMooCLW1wp6y1g%3D%3D
51;1;R5;47R;alecot:ERJ-3EKF47R0V;alecot:RESC1608X55N;http://industrial.panasonic.com/cdbs/www-data/pdf/RDA0000/AOA0000C86.pdf;;Precision Thick Film Chip Resistor, 0603, 0.1W, 47R;0.55;Panasonic;ERJ-3EKF47R0V;667-ERJ-3EKF47R0V;https://www.mouser.co.uk/ProductDetail/Panasonic/ERJ-3EKF47R0V?qs=MVjVSMjNRMpsvSx%252B5vk7Cg%3D%3D
52;5;R6, R7, R8, R9, R10;715k;alecot:ERJ-3EKF7153V;alecot:RESC1608X55N;http://industrial.panasonic.com/cdbs/www-data/pdf/RDA0000/AOA0000C86.pdf;;Precision Thick Film Chip Resistor, 0603, 0.1W;0.55;Panasonic;ERJ-3EKF7153V;;
53;1;R11;52.3k;alecot:ERJ-3EKF5232V;alecot:RESC1608X55N;http://industrial.panasonic.com/cdbs/www-data/pdf/RDA0000/AOA0000C86.pdf;;Thick Film Resistors - SMD 0603 52.3Kohms 1% AEC-Q200;0.55;Panasonic;ERJ-3EKF5232V;667-ERJ-3EKF5232V;https://www.mouser.co.uk/ProductDetail/Panasonic/ERJ-3EKF5232V?qs=93LSJZsTSyb2dusrGxZm0w%3D%3D
54;2;R12, R14;10R;alecot:ERJ-3EKF10R0V;alecot:RESC1608X55N;http://industrial.panasonic.com/cdbs/www-data/pdf/RDA0000/AOA0000C86.pdf;;Thick Film Resistors - SMD 0603 10.0ohms 1% AEC-Q200;0.55;Panasonic;ERJ-3EKF10R0V;667-ERJ-3EKF10R0V;https://www.mouser.co.uk/ProductDetail/Panasonic/ERJ-3EKF10R0V?qs=Y94Hbc6uvEMT73hhx3Gvwg%3D%3D
55;1;R13;0R;alecot:ERJ-3GEY0R00V;alecot:ERJ3EKF1000V;;;Thick Film Resistors - SMD 0603 Zero Ohms;0.55;Panasonic;ERJ-3GEY0R00V;667-ERJ-3GEY0R00V;https://www.mouser.co.uk/ProductDetail/Panasonic/ERJ-3GEY0R00V?qs=66DK8nO8gJALIOqOWgiVwg%3D%3D
56;4;R15, R16, R17, R18;10K;alecot:ERJ-3EKF1002V;alecot:RESC1608X55N;http://industrial.panasonic.com/cdbs/www-data/pdf/RDA0000/AOA0000C86.pdf;;Thick Film Resistors - SMD 0603 10Kohms 1% AEC-Q200;0.55;Panasonic;ERJ-3EKF1002V;667-ERJ-3EKF1002V;https://www.mouser.co.uk/ProductDetail/Panasonic/ERJ-3EKF1002V?qs=H7k1u0Mp9JSrGPQ5%2F5COuw%3D%3D
57;1;R19;1M;alecot:ERJ-3EKF1004V;alecot:RESC1608X55N;http://industrial.panasonic.com/cdbs/www-data/pdf/RDA0000/AOA0000C86.pdf;;Precision Thick Film Chip Resistor, 0603, 0.1W;0.55;Panasonic;ERJ-3EKF1004V;667-ERJ-3EKF1004V;https://www.mouser.co.uk/ProductDetail/Panasonic/ERJ-3EKF1004V?qs=6%252BUraArZVSCwybhfQn7iYg%3D%3D
58;2;R20, R21;5.1K;alecot:ERJ-3EKF5101V;alecot:RESC1608X55N;http://industrial.panasonic.com/cdbs/www-data/pdf/RDA0000/AOA0000C86.pdf;;Thick Film Resistors - SMD 0603 5.1Kohms 1% AEC-Q200;0.55;Panasonic;ERJ-3EKF5101V;667-ERJ-3EKF5101V;https://www.mouser.co.uk/ProductDetail/Panasonic/ERJ-3EKF5101V?qs=MVjVSMjNRMqhyossZ5oXsQ%3D%3D
59;3;R22, R23, R24;120R;alecot:ERJ-3EKF1200V;alecot:RESC1608X55N;http://industrial.panasonic.com/cdbs/www-data/pdf/RDA0000/AOA0000C86.pdf;;Precision Thick Film Chip Resistor, 0603, 0.1W;0.55;Panasonic;ERJ-3EKF1200V;667-ERJ-3EKF1200V;https://www.mouser.co.uk/ProductDetail/Panasonic/ERJ-3EKF1200V?qs=iBwFsHVUAOfkZ4Bj0qjBGg%3D%3D
60;1;S1;PCM12SMTR;alecot:PCM12SMTR;alecot:PCM12SMTR;https://www.ckswitches.com/media/1424/pcm.pdf;;Slide Switches 0.3A SPDT ON-ON;1.4;C & K COMPONENTS;PCM12SMTR;611-PCM12SMTR;https://www.mouser.co.uk/ProductDetail/CK/PCM12SMTR?qs=mfFuHy8STfL3qrPSfCHA7w%3D%3D
61;1;T1;~;alecot:FL6_9;alecot:FL69;http://www.farnell.com/datasheets/2603262.pdf;;Isolation Transformer, 6 VA, 2 x 115V, 2 x 9V, 375 mA RoHS Compliant: Yes;22.6;BLOCK;FL6/9;;
62;1;T2;~;alecot:750313769;alecot:750313769;https://datasheet.datasheetarchive.com/originals/distributors/Datasheets-DGA21/107162.pdf;;5V 1 Output Surface Mount PCB Transformer;7.62;Wurth Elektronik;750313769;710-750313769;https://www.mouser.co.uk/ProductDetail/Wurth-Elektronik/750313769?qs=eaCru7lM%2FWPR5%2FimcQ%252BVRw%3D%3D
63;1;Y1;32MHZ;alecot:NX2016SA-32M-EXS00A-CS06465;alecot:NX2016SA32MEXS00ACS06465;http://www.ndk.com/images/products/catalog/c_NX2016SA_e.pdf;;CRYSTAL 32MHZ 10PF SMD;0.5;NDK;NX2016SA-32M-EXS00A-CS06465;344-NX2016SA32S06465;https://www.mouser.co.uk/ProductDetail/NDK/NX2016SA-32M-EXS00A-CS06465?qs=w%2Fv1CP2dgqr82b0JjRnv4A%3D%3D
